2000,https://events.educause.edu/annual-conference/2000/proceedings/seminar-6f--creating-knowledge-management-portals-on-your-desktop-with-microsoft-office-2000
2001,https://events.educause.edu/annual-conference/2001/proceedings/the-educause-center-for-analysis-and-research-ecar
2002,https://events.educause.edu/annual-conference/2002/proceedings/bringing-rd-into-the-it-organization
2003,https://events.educause.edu/annual-conference/2003/proceedings/building-a-champagne-internet2-network-on-a-beer-budget
2004,https://events.educause.edu/annual-conference/2004/proceedings/2004-annual-gartner-educause-update
2005,https://events.educause.edu/annual-conference/2005/proceedings/2005-annual-gartner-educause-update-looking-ahead-by-looking-back
2006,https://events.educause.edu/annual-conference/2006/proceedings/a-collaborative-approach-to-building-enterprise-portals-perspectives-from-coast-to-coast
2007,https://events.educause.edu/annual-conference/2007/proceedings/a-central-solution-for-enabling-online-payments-across-the-university
2008,https://events.educause.edu/annual-conference/2008/proceedings/a-balancing-act-how-clemson-university-is-redefining-its-distributed-support-model-to-address-customer-needs
2009,https://events.educause.edu/annual-conference/2009/proceedings/16-port-hub
2010,https://events.educause.edu/annual-conference/2010/proceedings/16-port-switch
2011,https://events.educause.edu/annual-conference/2011/proceedings/2011-educause-institute-leadership-program-graduates
2012,https://events.educause.edu/annual-conference/2012/proceedings/the-business-of-music-on-campus-and-off-a-conversation-with-cary-sherman-about-todays-modern-music-marketplace---sponsored-by-presidio
2013,https://events.educause.edu/annual-conference/2013/proceedings/harnessing-the-power-of-learning-technologies-to-improve-outcomes-in-higher-education
2014,https://events.educause.edu/annual-conference/2014/proceedings/whats-next-for-texts-how-datadriven-content-development-is-improving-the-next-generation-of-etextbooks
2015,https://events.educause.edu/annual-conference/2015/proceedings/empower-your-campus-with-self-driving-erp-technology
2015,https://events.educause.edu/annual-conference/2015/proceedings/the-digital-revolution-at-university-of-la-verne-how-the-internet-of-everything-is-changing-everything
2016,https://events.educause.edu/annual-conference/2016/agenda/balancing-security-and-access-pivotal-to-a-better-educational-experience
2016,https://events.educause.edu/annual-conference/2016/agenda/create-virtual-learning-environments-to-improve-the-student-experience
2016,https://events.educause.edu/annual-conference/2016/agenda/transforming-learning-at-the-intersection-of-cognitive-computing-and-cognitive-neuroscience
2017,https://events.educause.edu/annual-conference/2017/agenda/a-humancentered-approach-to-designing-learning-spaces
2017,https://events.educause.edu/annual-conference/2017/agenda/artificial-intelligence--machine-learning-art-of-the-possible
2017,https://events.educause.edu/annual-conference/2017/agenda/cloud-strategies-for-digital-transformation-of-learning-and-student-success
2017,https://events.educause.edu/annual-conference/2017/agenda/digitally-transform-to-reduce-melt-and-increase-student-enrollments
2017,https://events.educause.edu/annual-conference/2017/agenda/empowering-students-with-disabilities-through-an-online-student-support-portal
2017,https://events.educause.edu/annual-conference/2017/agenda/how-csuf-built-a-student-eadvising-system-using-artificaial-intelligence
2017,https://events.educause.edu/annual-conference/2017/agenda/keeping-up-with-the-gen-zs-a-mobile-born-generation-and-what-they-expect-from-you
2017,https://events.educause.edu/annual-conference/2017/agenda/sem01pautomation-for-education-the-present-and-future-separate-registration-is-required
2017,https://events.educause.edu/annual-conference/2017/agenda/sem06fitana-face2face-2017-the-shifting-role-of-enterprise-and-business-architecture-in-a-saas-and-byoe-worldseparate-registration-is-required
2017,https://events.educause.edu/annual-conference/2017/agenda/sneak-peekflash-talk-see-what-pearson-and-ibm-watson-are-cooking-up-in-the-labs
2017,https://events.educause.edu/annual-conference/2017/agenda/the-digital-transformation-building-a-modernized-campus-for-student-success
2017,https://events.educause.edu/annual-conference/2017/agenda/the-next-20-years-in-education-and-technology
2017,https://events.educause.edu/annual-conference/2017/agenda/the-role-of-foundational-technology-and-service-delivery-in-enhancing-the-student-experience
2018,https://events.educause.edu/annual-conference/2018/agenda/accelerate-your-digital-transformation-using-enterprise-service-management-1
2018,https://events.educause.edu/annual-conference/2018/agenda/automated-intelligent-capture-drives-highvalue-experiences-across-campus
2018,https://events.educause.edu/annual-conference/2018/agenda/building-a-digital-transformation-culture-with-microsoft-at-northern-arizona-university
2018,https://events.educause.edu/annual-conference/2018/agenda/can-education-keep-up-with-watson-blockchain-and-other-advanced-ibm-technologies
2018,https://events.educause.edu/annual-conference/2018/agenda/continue-the-conversation-with-teddy-benson
2018,https://events.educause.edu/annual-conference/2018/agenda/demystifying-ai--predictive-analytics-in-higher-education-practice
2018,https://events.educause.edu/annual-conference/2018/agenda/diana-g-oblinger-innovation-forum-the-workforce-of-the-future
2018,https://events.educause.edu/annual-conference/2018/agenda/digital-transformation-in-higher-ed-what-it-means-for-you
2018,https://events.educause.edu/annual-conference/2018/agenda/digital-transformation-the-pathway-to-organizational-value-separate-registration-is-required
2018,https://events.educause.edu/annual-conference/2018/agenda/digital-transformation-through-software-defined-anything-sdx
2018,https://events.educause.edu/annual-conference/2018/agenda/featured-session-5
2018,https://events.educause.edu/annual-conference/2018/agenda/featured-session-7
2018,https://events.educause.edu/annual-conference/2018/agenda/fostering-digital-transformation-with-an-open-sourceproprietary-solution
2018,https://events.educause.edu/annual-conference/2018/agenda/gaining-visibility-into-your-wifi-network--usage-user-experience-location
2018,https://events.educause.edu/annual-conference/2018/agenda/hold-the-power-of-future-ed-tech-in-your-hands
2018,https://events.educause.edu/annual-conference/2018/agenda/how-ai-and-machine-learning-shape-the-future-of-teaching
2018,https://events.educause.edu/annual-conference/2018/agenda/how-aibased-tutoring-is-transforming-the-student-experience
2018,https://events.educause.edu/annual-conference/2018/agenda/how-smart-campuses-transform-student-engagement-health-productivity--retention
2018,https://events.educause.edu/annual-conference/2018/agenda/how-to-use-ai-and-machine-learning-to-transform-it-services
2018,https://events.educause.edu/annual-conference/2018/agenda/innovate-and-differentiate-with-enterprise-cloud-services
2018,https://events.educause.edu/annual-conference/2018/agenda/lessons-learned-hiring-ai-assistants-to-our-teams
2018,https://events.educause.edu/annual-conference/2018/agenda/lti-advantage-secure-data-and-remodel-teaching-on-day-one
2018,https://events.educause.edu/annual-conference/2018/agenda/microsoft-empowering-higher-education-with-digital-transformation
2018,https://events.educause.edu/annual-conference/2018/agenda/the-future-of-higher-education-our-response-to-disruption
2018,https://events.educause.edu/annual-conference/2018/agenda/the-future-of-institutional-effectiveness
2018,https://events.educause.edu/annual-conference/2018/agenda/university-of-massachusetts-lowell-modern-learning-delights-students-through-digital-transformation
2018,https://events.educause.edu/annual-conference/2018/agenda/voiceenabled-technologies-is-higher-education-ready
2019,https://events.educause.edu/annual-conference/2019/agenda/5-ways-to-create-a-failproof-data-warehouse-for-student-success
2019,https://events.educause.edu/annual-conference/2019/agenda/aws-tbd-session-2
2019,https://events.educause.edu/annual-conference/2019/agenda/building-a-digital-university-lessons-from-global-leaders
2019,https://events.educause.edu/annual-conference/2019/agenda/building-aiaided-culture-with-an--enterprise-intelligent-bot
2019,https://events.educause.edu/annual-conference/2019/agenda/campus-reimagined-for-humans-propelling-students-to-selfactualization
2019,https://events.educause.edu/annual-conference/2019/agenda/case-study-building-the-campus-ai-network-of-the-future
2019,https://events.educause.edu/annual-conference/2019/agenda/cloud-communication-the-catalyst-for-digital-transformation
2019,https://events.educause.edu/annual-conference/2019/agenda/digital-transformation-critical-for-higher-ed-or-just-hype
2019,https://events.educause.edu/annual-conference/2019/agenda/digital-transformation-from-day-one-onboarding-new-employees-1
2019,https://events.educause.edu/annual-conference/2019/agenda/digital-transformation-how-to-know-it-when-you-see-it
2019,https://events.educause.edu/annual-conference/2019/agenda/digital-transformation-ideas-are-easy-execution-is-hard
2019,https://events.educause.edu/annual-conference/2019/agenda/digital-transformation-to-support-security-policy-at-usp
2019,https://events.educause.edu/annual-conference/2019/agenda/dx-revolutionizing-how-education-is-delivered-for-students-and-faculty
2019,https://events.educause.edu/annual-conference/2019/agenda/embrace-evolving-infrastructure-and-enterprise-it-with-zerotrust-architectures
2019,https://events.educause.edu/annual-conference/2019/agenda/enhancing-support-with-ai-building-a-canvas-chatbot
2019,https://events.educause.edu/annual-conference/2019/agenda/exhibit-hall-open-1
2019,https://events.educause.edu/annual-conference/2019/agenda/finding-step-change-innovation-the-power-of-perspective
2019,https://events.educause.edu/annual-conference/2019/agenda/how-analytics-30-will-subvert-the-dominant-paradigm
2019,https://events.educause.edu/annual-conference/2019/agenda/how-are-you-using-ai-to-scale-student-support-lets-get-solving-with-google-cloud
2019,https://events.educause.edu/annual-conference/2019/agenda/how-to-induce-game-changing-innovation
2019,https://events.educause.edu/annual-conference/2019/agenda/hp-and-carnegie-mellon-make-quantum-leaps-in-data-science
2019,https://events.educause.edu/annual-conference/2019/agenda/industry-innovation-models-really-do-work-in-education
2019,https://events.educause.edu/annual-conference/2019/agenda/leveraging-ai-to-support-dataempowered-learning
2019,https://events.educause.edu/annual-conference/2019/agenda/leveraging-aidata-visualization-to-enhance-student-resilience-and-success-1
2019,https://events.educause.edu/annual-conference/2019/agenda/lightning-round-session-transforming-the-student-experience
2019,https://events.educause.edu/annual-conference/2019/agenda/meet-and-mingle--digital-transformation
2019,https://events.educause.edu/annual-conference/2019/agenda/pedagogy-and-practice-balancing-evolution-and-innovation-for-learning-breakthroughs
2019,https://events.educause.edu/annual-conference/2019/agenda/practical-ways-to-accelerate-and-sustain-innovation-in-edtech
2019,https://events.educause.edu/annual-conference/2019/agenda/seeing-our-work-through-the-lens-of-innovation
2019,https://events.educause.edu/annual-conference/2019/agenda/strategic-insights-into-immersive-learning-how-xr-shapes-the-future-separate-registration-is-require
2019,https://events.educause.edu/annual-conference/2019/agenda/stronger-together-how-shared-tech-environments-open-new-possibilities
2019,https://events.educause.edu/annual-conference/2019/agenda/the-connected-campus-how-iot-is-transforming-education
2019,https://events.educause.edu/annual-conference/2019/agenda/transforming-the-student-experience-a-sprint-at-a-time
2019,https://events.educause.edu/annual-conference/2019/agenda/using-business-architecture-to-create-a-common-enterprise-vision
2020,https://events.educause.edu/annual-conference/2020/agenda/a-marriage-story-ai-and-eq
2020,https://events.educause.edu/annual-conference/2020/agenda/ai-smart-cities-solutions-are-reinventing-student-experiences
2020,https://events.educause.edu/annual-conference/2020/agenda/all-together-now-implementing-it-governance-in-under-a-year
2020,https://events.educause.edu/annual-conference/2020/agenda/aruba-esp-architecture
2020,https://events.educause.edu/annual-conference/2020/agenda/crm-the-secret-sauce-for-driving-digital-transformation
2020,https://events.educause.edu/annual-conference/2020/agenda/crossroads-of-tech-research-and-learning-it-and-library-collaborations
2020,https://events.educause.edu/annual-conference/2020/agenda/digital-transformation-and-emergency-communications-on-campus
2020,https://events.educause.edu/annual-conference/2020/agenda/digital-transformation-showcase-2-enabling-positive-institutional-change-through-dx
2020,https://events.educause.edu/annual-conference/2020/agenda/digital-transformation-showcase-enabling-positive-institutional-change-through-dx
2020,https://events.educause.edu/annual-conference/2020/agenda/digital-transformation-starts-here
2020,https://events.educause.edu/annual-conference/2020/agenda/digital-transformation-whats-the-value-for-higher-education
2020,https://events.educause.edu/annual-conference/2020/agenda/digitally-transforming-midsemester-evaluations-in-higher-education
2020,https://events.educause.edu/annual-conference/2020/agenda/driving-digital-transformation-in-higher-education
2020,https://events.educause.edu/annual-conference/2020/agenda/dx-as-an-innovation-platform-for-multidisciplinary-experience-learning
2020,https://events.educause.edu/annual-conference/2020/agenda/education-transformation-from-recovery-to-reimagined
2020,https://events.educause.edu/annual-conference/2020/agenda/educause-2020-student-technology-surveys-supporting-the-whole-student
2020,https://events.educause.edu/annual-conference/2020/agenda/educause-speed-networking-connect-discuss-and-grow-part-1
2020,https://events.educause.edu/annual-conference/2020/agenda/educause-speed-networking-connect-discuss-and-grow-part-2
2020,https://events.educause.edu/annual-conference/2020/agenda/empowering-innovations-in-higher-education-for-the-exascale-era
2020,https://events.educause.edu/annual-conference/2020/agenda/enrollment-management-strategies-leveraging-ai-and-analytics-at-vsu
2020,https://events.educause.edu/annual-conference/2020/agenda/explore-the-exhibit-hall-networking-opportunities-and-ondemand-content-4
2020,https://events.educause.edu/annual-conference/2020/agenda/featured-session-2
2020,https://events.educause.edu/annual-conference/2020/agenda/how-artificial-intelligence-efforts-boost-higher-ed-enrollment
2020,https://events.educause.edu/annual-conference/2020/agenda/how-can-aidriven-chatbots-drive-institutional-and-student-success
2020,https://events.educause.edu/annual-conference/2020/agenda/how-it-is-enabling-higher-education-to-keep-students-and-faculty-safe-and-connected
2020,https://events.educause.edu/annual-conference/2020/agenda/how-to-create-the-future-we-seek
2020,https://events.educause.edu/annual-conference/2020/agenda/how-to-drive-student-engagement-with-a-modern-sis
2020,https://events.educause.edu/annual-conference/2020/agenda/i-chatbot-how-ai-is-transforming-communication-for-student-success
2020,https://events.educause.edu/annual-conference/2020/agenda/importance-of-a-modern-endpoint-detection-and-response
2020,https://events.educause.edu/annual-conference/2020/agenda/innovating-itsm-a-mad-scientists-perspective-on-continual-process-improvement
2020,https://events.educause.edu/annual-conference/2020/agenda/integrated-ai-chatbots-scaling-advising-and-improving-access
2020,https://events.educause.edu/annual-conference/2020/agenda/leverage-covid-as-an-opportunity-to-launch-a-nextgeneration-lab
2020,https://events.educause.edu/annual-conference/2020/agenda/leveraging-cloud-flexibility-for-virtual-applications
2020,https://events.educause.edu/annual-conference/2020/agenda/leveraging-ml-to-advance-data-maturity-and-innovation-in-higher-education
2020,https://events.educause.edu/annual-conference/2020/agenda/modernizing-your-infrastructure-part-2-business-transformation
2020,https://events.educause.edu/annual-conference/2020/agenda/most-likely-to-digitally-transform-dx-research-superlatives
2020,https://events.educause.edu/annual-conference/2020/agenda/multitiered-and-online-digital-transformation--harvard-kennedy-school
2020,https://events.educause.edu/annual-conference/2020/agenda/no-black-box-intuitive-targeting-using-available-data-and-simple-math
2020,https://events.educause.edu/annual-conference/2020/agenda/path-to-paperless-modernizing-services-for-student-success
2020,https://events.educause.edu/annual-conference/2020/agenda/pathways-and-pitfalls--digital-transformation-of-student-success
2020,https://events.educause.edu/annual-conference/2020/agenda/preparing-the-future-workforce-a-model-for-protechnical-development
2020,https://events.educause.edu/annual-conference/2020/agenda/security-and-privacy--they-dont-have-to-be-enemies
2020,https://events.educause.edu/annual-conference/2020/agenda/smart-campus-building-a-better-normal-for-higher-ed
2020,https://events.educause.edu/annual-conference/2020/agenda/smart-campus-is-the-future-and-its-already-here--are-you-ready
2020,https://events.educause.edu/annual-conference/2020/agenda/the-institutional-value-of-digital-innovation
2020,https://events.educause.edu/annual-conference/2020/agenda/the-modern-campus-how-to-succeed-at-digital-transformation
2020,https://events.educause.edu/annual-conference/2020/agenda/the-state-of-collaboration-in-education
2020,https://events.educause.edu/annual-conference/2020/agenda/to-help-our-students-run-we-must-trip-them-a-personalization-story
2020,https://events.educause.edu/annual-conference/2020/agenda/top-10-skills-required-for-future-ready-procurement-and-sourcing-professionals
2020,https://events.educause.edu/annual-conference/2020/agenda/trusting-your-chatbot--the-power-of-people-and-perception
2020,https://events.educause.edu/annual-conference/2020/agenda/unified-communications-and-collaboration-modern-call-centers
2020,https://events.educause.edu/annual-conference/2020/agenda/unlocking-the-power-of-advising-to-meet-student-success-goals
2020,https://events.educause.edu/annual-conference/2020/agenda/using-publicprivate-partnerships-to-enhance-the-student-learning-experience
2020,https://events.educause.edu/annual-conference/2020/agenda/using-the-comprehensive-learner-record-to-drive-dx
2020,https://events.educause.edu/annual-conference/2020/agenda/want-to-drive-digital-transformation-get-off-the-beaten-path
2021,https://events.educause.edu/annual-conference/2021/agenda/a-tale-of-two-campuses-the-journey-to-digital-transformation
2021,https://events.educause.edu/annual-conference/2021/agenda/access--equity-in-higher-education
2021,https://events.educause.edu/annual-conference/2021/agenda/advancing-institutional-priorities-through-research-information-management-rim-infrastructures
2021,https://events.educause.edu/annual-conference/2021/agenda/balancing-digital-transformation-and-data-privacy-lessons-from-the-trenches
2021,https://events.educause.edu/annual-conference/2021/agenda/becoming-a-cloudfirst-campus-at-wake-forest-university
2021,https://events.educause.edu/annual-conference/2021/agenda/building-campus-resilience-for-the-human-and-machine-in-the-digital-age-how-to-frame-this-epic-chall
2021,https://events.educause.edu/annual-conference/2021/agenda/choose-your-own-eduventure-faculty-leading-faculty-through-sdsus-flexible-course-design-institute
2021,https://events.educause.edu/annual-conference/2021/agenda/cios-in-the-student-shark-tank
2021,https://events.educause.edu/annual-conference/2021/agenda/communicating-in-a-crisis-can-technology-help-boost-student-engagement-at-scale
2021,https://events.educause.edu/annual-conference/2021/agenda/connecting-students-to-mental-health-resources-using-a-virtual-assistant
2021,https://events.educause.edu/annual-conference/2021/agenda/creating-resilient-student-experiences-with-heuristicbased-monitoring
2021,https://events.educause.edu/annual-conference/2021/agenda/defining-hyflex-what-does-it-mean-for-the-future-of-higher-education-1
2021,https://events.educause.edu/annual-conference/2021/agenda/digital-transformation-needs-techquity-to-truly-revolutionize-the-learning-experience
2021,https://events.educause.edu/annual-conference/2021/agenda/digital-transformation-to-create-a-coordinated-compelling-student-experience
2021,https://events.educause.edu/annual-conference/2021/agenda/enabling-data-transformation-creating-time-and-budget-for-studentcentric-innovation
2021,https://events.educause.edu/annual-conference/2021/agenda/engaging-students-in-digital-transformation
2021,https://events.educause.edu/annual-conference/2021/agenda/enhance-students-workforce-readiness-through-industry-partnerships-building-authentic-ai-learning
2021,https://events.educause.edu/annual-conference/2021/agenda/equity-consistency-humanity-the-emerging-potential-of-ai-to-improve-learning-experiences
2021,https://events.educause.edu/annual-conference/2021/agenda/examining-wayne-state-colleges-cultural-shift-in-the-digital-student-journey-using-ai-technology
2021,https://events.educause.edu/annual-conference/2021/agenda/flexibility-agility-and-digital-transformation-shifting-to-success
2021,https://events.educause.edu/annual-conference/2021/agenda/global-infrastructure-initiatives-in-support-of-sustainable-open-access
2021,https://events.educause.edu/annual-conference/2021/agenda/humanizing-the-needs-of-diverse-learners-university-of-wisconsin-leverages-linkedin-learning
2021,https://events.educause.edu/annual-conference/2021/agenda/inclusive-innovation-whats-information-technologys-role
2021,https://events.educause.edu/annual-conference/2021/agenda/innovators-transforming-e193teaching-in-higher-education
2021,https://events.educause.edu/annual-conference/2021/agenda/masters-of-change-at-a-moment-of-truth-higher-education-technology-vision-2021
2021,https://events.educause.edu/annual-conference/2021/agenda/partnering-for-student-success--accelerate-digital-transformation-and-innovation-for-the-new-normal
2021,https://events.educause.edu/annual-conference/2021/agenda/putting-ai-to-use-empowering-students-with-a-selfservice-chatbot
2021,https://events.educause.edu/annual-conference/2021/agenda/show-me-the-data-how-auburn-university-achieved-digital-transformation
2021,https://events.educause.edu/annual-conference/2021/agenda/small-college-dx-in-the-time-of-covid
2021,https://events.educause.edu/annual-conference/2021/agenda/strategic-change-through-student-experiences
2021,https://events.educause.edu/annual-conference/2021/agenda/succeeding-together-why-it-should-pay-more-attention-to-marketing-technology
2021,https://events.educause.edu/annual-conference/2021/agenda/the-digital-transformation-of-higher-education-the-intersection-of-technology-data-and-student-succe
2021,https://events.educause.edu/annual-conference/2021/agenda/the-dx-strategyonapage-a-framework-for-designing-your-dx-strategy
2021,https://events.educause.edu/annual-conference/2021/agenda/the-future-of-work-humancentered-leadership
2021,https://events.educause.edu/annual-conference/2021/agenda/thinking-out-cloud-level-up-in-the-cloud-at-your-institution
2021,https://events.educause.edu/annual-conference/2021/agenda/transforming-student-experiences-with-artificial-intelligence
2021,https://events.educause.edu/annual-conference/2021/agenda/unlock-time-to-drive-it-innovation
2021,https://events.educause.edu/annual-conference/2021/agenda/why-data-storytelling-matters-for-it-and-how-you-can-do-it-too
2022,https://events.educause.edu/annual-conference/2022/agenda/a-dx-pilot-for-academic-transformation
2022,https://events.educause.edu/annual-conference/2022/agenda/ascending-the-mountain-of-digital-transformation-views-from-basecamp-1
2022,https://events.educause.edu/annual-conference/2022/agenda/ask-the-influencer
2022,https://events.educause.edu/annual-conference/2022/agenda/build-a-bridge-to-an-ideal-future-a-peoplecentered-approach-to-digital-transformation-on-campus
2022,https://events.educause.edu/annual-conference/2022/agenda/cal-state-xr-collaboration-innovation-and-creativityamazing-things-are-possible
2022,https://events.educause.edu/annual-conference/2022/agenda/cultivating-digital-literacy-the-digital-gardener-initiative-at-indiana-university-1
2022,https://events.educause.edu/annual-conference/2022/agenda/demystifying-digital-transformation
2022,https://events.educause.edu/annual-conference/2022/agenda/digital-experience-using-peoplepowered-growth-to-accelerate-transformative-outcomes
2022,https://events.educause.edu/annual-conference/2022/agenda/digital-transformation-at-hbcus-modernizing-while-preserving-tradition
2022,https://events.educause.edu/annual-conference/2022/agenda/digital-transformation-of-physical-teaching-models-using-photogrammetry-1
2022,https://events.educause.edu/annual-conference/2022/agenda/digital-transformation-the-path-to-anywhere-anytime-graduate-education
2022,https://events.educause.edu/annual-conference/2022/agenda/experiences-implementing-a-new-lms-through-the-lens-of-digital-transformation-1
2022,https://events.educause.edu/annual-conference/2022/agenda/from-chaotic-to-proactive--wcus-digital-transformation-through-servicenow-itsm
2022,https://events.educause.edu/annual-conference/2022/agenda/from-educators-to-artificial-intelligence-three-perspectives-on-writing-support-1
2022,https://events.educause.edu/annual-conference/2022/agenda/going-3-for-3-how-csu-global-supports-staff-drives-enrollment-and-saves-money-with-ai-student-engage
2022,https://events.educause.edu/annual-conference/2022/agenda/hybrid-learning-at-scale--digital-transformation-of-classrooms-and-learning-modalities-1
2022,https://events.educause.edu/annual-conference/2022/agenda/it-leadership-and-beyond-the-cio-role
2022,https://events.educause.edu/annual-conference/2022/agenda/leveraging-it-to-navigate-uncertainty-and-build-a-resilient-campus-1
2022,https://events.educause.edu/annual-conference/2022/agenda/leveraging-virtual-desktop-interfaces-as-a-resource-for-teaching-learning-and-new-ways-of-working
2022,https://events.educause.edu/annual-conference/2022/agenda/lowcoding-education-with-university-tools-qualtrics-and-microsoft-power-platform
2022,https://events.educause.edu/annual-conference/2022/agenda/netflix-for-student-resources
2022,https://events.educause.edu/annual-conference/2022/agenda/scaling-up-innovation-with-emerging-technologies-and-partnerships
2022,https://events.educause.edu/annual-conference/2022/agenda/the-path-to-your-it-future-runs-through-the-junkyard
2022,https://events.educause.edu/annual-conference/2022/agenda/this-is-the-future-cataloging-the-successes-of-an-aiassisted-virtual-reality-simulation-1
2022,https://events.educause.edu/annual-conference/2022/agenda/transforming-student-experiences-through-analytics-and-applications-1
2022,https://events.educause.edu/annual-conference/2022/agenda/ux-in-the-time-of-dx-the-role-of-user-experience-in-digital-transformation-1
2022,https://events.educause.edu/annual-conference/2022/agenda/what-keeps-ciosctos-up-at-night
2022,https://events.educause.edu/annual-conference/2022/agenda/you-did-what--successfully-transforming-support-teams-policies-and-technologies-under-pressure-1
2023,https://events.educause.edu/annual-conference/2023-online/agenda/ai-for-personalized-learning-and-secure-infrastructure-in-higher-education
2023,https://events.educause.edu/annual-conference/2023-online/agenda/boom-or-bust-the-future-of-generative-ai-in-higher-education
2023,https://events.educause.edu/annual-conference/2023-online/agenda/bringing-oral-histories-to-life-with-conversational-ai
2023,https://events.educause.edu/annual-conference/2023-online/agenda/gamification-and-ai-for-engagement
2023,https://events.educause.edu/annual-conference/2023-online/agenda/generative-ai-and-the-transformation-of-higher-education-challenges-opportunities-best-practices
2023,https://events.educause.edu/annual-conference/2023-online/agenda/spotlight-on-emerging-teaching-and-learning-tech
2023,https://events.educause.edu/annual-conference/2023-online/agenda/the-future-of-elearning-ai--the-virtual-classroom-a-fireside-chat-featuring-microsoft--class
2023,https://events.educause.edu/annual-conference/2023-online/agenda/two-transformations-dx-and-caring-at-scale
2023,https://events.educause.edu/annual-conference/2023/agenda/a-case-study-in-using-aidriven-interviews-to-bring-important-stories-and-experiences-to-life
2023,https://events.educause.edu/annual-conference/2023/agenda/ai-and-the-future-of-higher-ed-unpacking-myths-and-exploring-opportunities
2023,https://events.educause.edu/annual-conference/2023/agenda/ai-generated-content-what-it-means-for-academic-integrity-1
2023,https://events.educause.edu/annual-conference/2023/agenda/ai-in-higher-ed-a-bytesized-introduction-to-the-future-of-learning
2023,https://events.educause.edu/annual-conference/2023/agenda/ai-together-developing-usage-policy-for-generative-ai-with-students
2023,https://events.educause.edu/annual-conference/2023/agenda/assessment-in-the-age-of-generative-ai
2023,https://events.educause.edu/annual-conference/2023/agenda/automated-university-digital-transformation-of-student-experience
2023,https://events.educause.edu/annual-conference/2023/agenda/becoming-change-agents-for-project-success-1
2023,https://events.educause.edu/annual-conference/2023/agenda/beyond-chatbots-simplifying-visibility-with-ai-to-transform-the-university-experience
2023,https://events.educause.edu/annual-conference/2023/agenda/beyond-chatgpt-exploration-of-ai-in-higher-education
2023,https://events.educause.edu/annual-conference/2023/agenda/bias-and-discrimination-within-educational-technologies
2023,https://events.educause.edu/annual-conference/2023/agenda/bias-stereotypes-and-hallucinations-in-generative-ai
2023,https://events.educause.edu/annual-conference/2023/agenda/cio-playbook-how-to-accelerate-digital-transformation
2023,https://events.educause.edu/annual-conference/2023/agenda/collaborating-with-wisdom-building-the-institutional-tech-roadmap
2023,https://events.educause.edu/annual-conference/2023/agenda/demographics-vs-behaviors-why-mindsets-matter-for-student-outcomes
2023,https://events.educause.edu/annual-conference/2023/agenda/dont-fear-innovation-exploring-generative-ai-to-create-new-opportunities-for-student-growth
2023,https://events.educause.edu/annual-conference/2023/agenda/educause-leadership-series--chatgpt-and-generative-ai-navigating-leadership-opportunities-and-chal-1
2023,https://events.educause.edu/annual-conference/2023/agenda/empathy-unfolding-immersive-learning-and-neuroeducation-insights-through-extended-reality-simulation
2023,https://events.educause.edu/annual-conference/2023/agenda/empowering-instructors-navigating-challenges-in-delivering-handson-ai-education
2023,https://events.educause.edu/annual-conference/2023/agenda/empowering-student-interactions-aidriven-strategies-for-communication--institutional-efficiency
2023,https://events.educause.edu/annual-conference/2023/agenda/fazboard-an-aieducational-hybrid-teaching--learning-system
2023,https://events.educause.edu/annual-conference/2023/agenda/finding-a-way-out-of-the-mire-a-practical-approach-to-data-ethics
2023,https://events.educause.edu/annual-conference/2023/agenda/flexibility-for-expansion-embracing-todays-newtraditional-and-lifelong-learners
2023,https://events.educause.edu/annual-conference/2023/agenda/flexit-is-your-secret-muscle-for-organizational-change
2023,https://events.educause.edu/annual-conference/2023/agenda/framework-for-digital-transformation-in-higher-education-critical-foundations-for-success
2023,https://events.educause.edu/annual-conference/2023/agenda/from-classroom-to-cloud-digitally-transforming-the-student-experience-through-virtual-app-computing
2023,https://events.educause.edu/annual-conference/2023/agenda/from-ideas-to-impact-driving-innovation-through-strategic-partnerships-and-emerging-technologies-1
2023,https://events.educause.edu/annual-conference/2023/agenda/from-theory-to-practice-weaving-privacy-considerations-in-strategic-decisions
2023,https://events.educause.edu/annual-conference/2023/agenda/generative-ai-1
2023,https://events.educause.edu/annual-conference/2023/agenda/generative-ai-5-questions-for-higher-ed-cios
2023,https://events.educause.edu/annual-conference/2023/agenda/generative-ai-as-a-deep-agent-of-chaos-for-higher-educationnbspseparate-registration-is-required
2023,https://events.educause.edu/annual-conference/2023/agenda/generative-ai-implications-for-the-future-educause-expert-panel-recommendations
2023,https://events.educause.edu/annual-conference/2023/agenda/generative-ai-in-higher-education-implications-for-the-present-and-future-of-higher-education
2023,https://events.educause.edu/annual-conference/2023/agenda/generative-ai-is-more-than-a-tool-itrsquos-a-digital-collaborator
2023,https://events.educause.edu/annual-conference/2023/agenda/generative-ai-the-future-of-learning-in-higher-education-is-now
2023,https://events.educause.edu/annual-conference/2023/agenda/harness-ai-to-power-your-it-talent-strategy
2023,https://events.educause.edu/annual-conference/2023/agenda/helping-your-institutional-leadership-prepare-for-the-next-wave-of-digital-transformation-dx-1
2023,https://events.educause.edu/annual-conference/2023/agenda/higher-education-2023-technology-trends
2023,https://events.educause.edu/annual-conference/2023/agenda/how-vccs-rolled-out-1-ai-chatbot-federated-to-23-colleges-and-integrated-to-gpt
2023,https://events.educause.edu/annual-conference/2023/agenda/icymi-teaching-and-learning-research-thatrsquos-making-an-impact
2023,https://events.educause.edu/annual-conference/2023/agenda/improving-student-success-engagement-and-inclusion-through-actionable-ai-and-behavioral-data
2023,https://events.educause.edu/annual-conference/2023/agenda/intersection-of-artificial-intelligence-and-extended-reality-to-enhance-learning
2023,https://events.educause.edu/annual-conference/2023/agenda/launching-an-aipowered-online-learning-community-for-student-engagement-and-support-in-biology-1
2023,https://events.educause.edu/annual-conference/2023/agenda/learning-reimagined-a-comprehensive-learning-management-system-lms-migration-to-improve-equity-s-1
2023,https://events.educause.edu/annual-conference/2023/agenda/leveraging-innovation-and-research-in-pioneering-the-future-of-education-through-an-era-of-complex-c
2023,https://events.educause.edu/annual-conference/2023/agenda/leveraging-predictive-analytics-to-support-enrollment-management
2023,https://events.educause.edu/annual-conference/2023/agenda/lunch-and-learn--turnitins-commitment-to-education-how-to-provide-comprehensive-assessments-with-int
2023,https://events.educause.edu/annual-conference/2023/agenda/make-your-feedback-data-shine-with-interoperability
2023,https://events.educause.edu/annual-conference/2023/agenda/making-the-promise-of-ai-real-in-higher-ed-a-panel-discussion
2023,https://events.educause.edu/annual-conference/2023/agenda/managing-aidetection-at-scale-in-canvas
2023,https://events.educause.edu/annual-conference/2023/agenda/powerful-partnerships-built-on-data-get-results-leverage-data-and-analytics-to-meet-your-mission
2023,https://events.educause.edu/annual-conference/2023/agenda/putting-constituents-at-the-center-with-ai--data--crm
2023,https://events.educause.edu/annual-conference/2023/agenda/research-perspectives-on-higher-education-technology
2023,https://events.educause.edu/annual-conference/2023/agenda/revolutionizing-it-service-desk-gptpowered-ticket-classification-at-usf
2023,https://events.educause.edu/annual-conference/2023/agenda/risky-business-can-workflow--artificial-intelligence-bridge-the-enrollment-cliff
2023,https://events.educause.edu/annual-conference/2023/agenda/spotlight-on-emerging-analytics-tech--emerging-tech-stage
2023,https://events.educause.edu/annual-conference/2023/agenda/succession-planning-cultivating-future-it-leaders
2023,https://events.educause.edu/annual-conference/2023/agenda/supporting-the-human-side-of-change-with-digital-transformation-dx
2023,https://events.educause.edu/annual-conference/2023/agenda/the-adaptation-journey-how-are-your-peer-institutions-evolving
2023,https://events.educause.edu/annual-conference/2023/agenda/the-end-of-business-as-usual-embracing-generative-ai-within-higher-ed-1
2023,https://events.educause.edu/annual-conference/2023/agenda/the-evolving-role-of-it-as-the-campus-unifier--best-practices-in-leading-through-change
2023,https://events.educause.edu/annual-conference/2023/agenda/the-future-of-generative-ai-take-action-today
2023,https://events.educause.edu/annual-conference/2023/agenda/the-grass-can-be-green-on-both-sides--synergies-between-inhouse-and-vendor-data-science-tools
2023,https://events.educause.edu/annual-conference/2023/agenda/the-new-ethical-frontier-ai-in-higher-education-and-society
2023,https://events.educause.edu/annual-conference/2023/agenda/the-value-of-an-endtoend-analytics-platform-in-ai-implementation-and-data-analytics-modernization
2023,https://events.educause.edu/annual-conference/2023/agenda/unified-communications-for-hybrid-and-online-operations
2023,https://events.educause.edu/annual-conference/2023/agenda/using-foresight-strategy-and-scenarios-in-futures-thinking-separate-registration-is-required
2023,https://events.educause.edu/annual-conference/2023/agenda/using-openai-to-enhance-student-support-a-higher-education-case-study
2023,https://events.educause.edu/annual-conference/2023/agenda/you-cant-have-digital-transformation-without-data-governance-1
2024,https://events.educause.edu/annual-conference/2024-online/agenda/active-learning-in-online-classes-data-and-tools-to-boost-participation
2024,https://events.educause.edu/annual-conference/2024-online/agenda/ai-and-instructional-innovations-a-design-thinking-collaboration
2024,https://events.educause.edu/annual-conference/2024-online/agenda/ai-research-panel-a-year-in-review
2024,https://events.educause.edu/annual-conference/2024-online/agenda/ai-taming-the-white-elephantturning-the-buzzword-into-a-blueprint-for-team-success
2024,https://events.educause.edu/annual-conference/2024-online/agenda/blurring-lines-between-real-and-virtual-innovative-uses-of-arvr-for-student-engagement
2024,https://events.educause.edu/annual-conference/2024-online/agenda/closing-general-session
2024,https://events.educause.edu/annual-conference/2024-online/agenda/customer-discovery-preparing-to-communicate-effectively-using-empathy-and-ai
2024,https://events.educause.edu/annual-conference/2024-online/agenda/educate-your-digital-strategy
2024,https://events.educause.edu/annual-conference/2024-online/agenda/empowering-the-new-workforce-aidriven-strategies-for-aligning-education-and-future-careers
2024,https://events.educause.edu/annual-conference/2024-online/agenda/ensuring-your-data-is-aiready
2024,https://events.educause.edu/annual-conference/2024-online/agenda/exploring-ais-impact-across-our-institutions-7-questions-to-help-frame-campus-conversations
2024,https://events.educause.edu/annual-conference/2024-online/agenda/from-ai-to-z-an-educators-manual-to-ai-detection-in-essays
2024,https://events.educause.edu/annual-conference/2024-online/agenda/from-idea-to-strategic-action-generative-ais-role-in-modern-leadership
2024,https://events.educause.edu/annual-conference/2024-online/agenda/generative-artificial-intelligence-genai-prompting-and-implications-for-instructional-effectiveness
2024,https://events.educause.edu/annual-conference/2024-online/agenda/how-i-use-fancy-ai-bots-to-get-stuff-done-and-you-can-too
2024,https://events.educause.edu/annual-conference/2024-online/agenda/human-ai-demystifying-language-models-through-interactive-experience
2024,https://events.educause.edu/annual-conference/2024-online/agenda/improving-the-experience-of-the-teaching-and-learning-process-through-digital-transformation
2024,https://events.educause.edu/annual-conference/2024-online/agenda/innovative-horizons-empowering-higher-education-with-artificial-intelligence
2024,https://events.educause.edu/annual-conference/2024-online/agenda/leading-through-change-a-case-study-on-lms-implementation-and-digital-transformation
2024,https://events.educause.edu/annual-conference/2024-online/agenda/leveraging-ai-for-enhanced-curriculum-mapping-and-informed-design-decisionmaking
2024,https://events.educause.edu/annual-conference/2024-online/agenda/navigating-the-digital-frontier-a-fireside-chat-with-jaron-lanier-on-technology-humanity-and-the-fu1
2024,https://events.educause.edu/annual-conference/2024-online/agenda/power-up-your-it-communications-with-generative-ai
2024,https://events.educause.edu/annual-conference/2024-online/agenda/resilience-through-ethics-an-institutional-response-to-generative-ai
2024,https://events.educause.edu/annual-conference/2024-online/agenda/student-panel-how-we-are-using-ai-in-college
2024,https://events.educause.edu/annual-conference/2024-online/agenda/the-role-of-ai-in-elevating-learning-for-all-students
2024,https://events.educause.edu/annual-conference/2024-online/agenda/were-all-in-a-holistic-approach-to-the-safe-and-scaled-adoption-of-ai-at-the-uwmilwaukee
2024,https://events.educause.edu/annual-conference/2024/agenda/a-roadmap-for-leveraging-ai-at-a-smaller-institution
2024,https://events.educause.edu/annual-conference/2024/agenda/academic-applications-of-ai-using-student-survey-data-to-develop-a-datainformed-strategy
2024,https://events.educause.edu/annual-conference/2024/agenda/access-and-equity-in-the-age-of-generative-ai-a-large-university-systems-top-ai-initiatives
2024,https://events.educause.edu/annual-conference/2024/agenda/ai--data-student-success-analytics-community-group-meeting
2024,https://events.educause.edu/annual-conference/2024/agenda/ai-and-institution-wide-policy-finding-the-margins-for-ai-assisted-learning
2024,https://events.educause.edu/annual-conference/2024/agenda/ai-and-the-future-of-mysized-technology
2024,https://events.educause.edu/annual-conference/2024/agenda/ai-community-group-open-house
2024,https://events.educause.edu/annual-conference/2024/agenda/ai-ethics-and-literacy-insights-and-resources-from-the-educausehp-community-of-practice
2024,https://events.educause.edu/annual-conference/2024/agenda/ai-integration-in-academia-empowering-the-university-community
2024,https://events.educause.edu/annual-conference/2024/agenda/ai-literacy-empowerment-through-creative-technologies-in-libraries
2024,https://events.educause.edu/annual-conference/2024/agenda/are-you-ready-generative-ai-readiness-assessment-targets-institutional-opportunity
2024,https://events.educause.edu/annual-conference/2024/agenda/artificial-intelligence-ai-and-accessibility-enhancing-support-for-students-with-disabilities
2024,https://events.educause.edu/annual-conference/2024/agenda/artificial-intelligence-and-intelligent-document-processing-in-higher-education
2024,https://events.educause.edu/annual-conference/2024/agenda/avoiding-ai-chaos-how-lightweight-guardrails-enable-universitywide-innovation-1
2024,https://events.educause.edu/annual-conference/2024/agenda/balancing-innovation-with-academic-integrity-in-the-ai-era
2024,https://events.educause.edu/annual-conference/2024/agenda/bicycle-for-the-mind-ai-for-accessibility-1
2024,https://events.educause.edu/annual-conference/2024/agenda/building-a-genai-foundation-to-let-your-institution-soar-1
2024,https://events.educause.edu/annual-conference/2024/agenda/building-the-ai-ready-campus
2024,https://events.educause.edu/annual-conference/2024/agenda/building-the-classroom-of-the-future-with-nectir-ai
2024,https://events.educause.edu/annual-conference/2024/agenda/charting-new-courses-navigating-the-integration-of-generative-ai-in-higher-education
2024,https://events.educause.edu/annual-conference/2024/agenda/chatbot-jury-a-voir-dire-authentic-assessment-using-generative-ai-in-legal-psychology
2024,https://events.educause.edu/annual-conference/2024/agenda/chatgpt-wrote-this-presentation
2024,https://events.educause.edu/annual-conference/2024/agenda/cooking-up-innovation-crafting-a-menu-of-ai-faculty-development-options
2024,https://events.educause.edu/annual-conference/2024/agenda/cyber-and-ai-the-good-the-bad-and-the-ugly
2024,https://events.educause.edu/annual-conference/2024/agenda/data-and-content-security-in-age-of-ai-ready-computers
2024,https://events.educause.edu/annual-conference/2024/agenda/datadriven-ai-implementation-practical-applications--strategies
2024,https://events.educause.edu/annual-conference/2024/agenda/debunking-five-generative-ai-misconceptions--going-beyond-the-hype-1
2024,https://events.educause.edu/annual-conference/2024/agenda/defending-your-institution-against-prolific-cyber-threats-is-it-time-to-get-help
2024,https://events.educause.edu/annual-conference/2024/agenda/dei-poster-or-learn-and-design--organizational-leadership-matrix
2024,https://events.educause.edu/annual-conference/2024/agenda/design-dialogue-dice-an-ai-gamemaking-workshop-separate-registration-is-required
2024,https://events.educause.edu/annual-conference/2024/agenda/designing-an-ai-roadmap-to-improve-student-outcomes
2024,https://events.educause.edu/annual-conference/2024/agenda/designing-for-tomorrow-integrating-generative-ai-through-purposeful-course-design
2024,https://events.educause.edu/annual-conference/2024/agenda/developing-a-robust-cybersecurity-intelligence-program-for-educational-institutions
2024,https://events.educause.edu/annual-conference/2024/agenda/dollars-and-sense-strategic-it-spending-that-transforms-higher-education-1
2024,https://events.educause.edu/annual-conference/2024/agenda/dr-gpt-or-how-our-institutions-learned-to-stop-worrying-and-love-genai-1
2024,https://events.educause.edu/annual-conference/2024/agenda/driving-instructional-value-with-practical-generative-ai-implementation
2024,https://events.educause.edu/annual-conference/2024/agenda/educause-leadership-series--exploring-artificial-intelligence-use-cases-applications-and-initiativ-1
2024,https://events.educause.edu/annual-conference/2024/agenda/educause-research-2024-analytics-landscape-in-higher-education
2024,https://events.educause.edu/annual-conference/2024/agenda/educause-shop-talk-live-ai-and-cybersecurity
2024,https://events.educause.edu/annual-conference/2024/agenda/empowering-ai-innovation-asus-ai-platform-and-the-createai-toolkit-1
2024,https://events.educause.edu/annual-conference/2024/agenda/empowering-educators-embracing-change-and-redefining-identities-in-the-ai-landscape-separate-registr
2024,https://events.educause.edu/annual-conference/2024/agenda/empowering-students-for-the-workforce-of-tomorrow-liberal-arts-in-action
2024,https://events.educause.edu/annual-conference/2024/agenda/enhancing-accessibility-in-higher-ed-the-role-of-ai-in-creating-inclusive-learning-environments
2024,https://events.educause.edu/annual-conference/2024/agenda/enterprise-architecture-delivering-value-from-streamlining-ops-to-wrangling-disruptive-technologies
2024,https://events.educause.edu/annual-conference/2024/agenda/equity-and-access-making-ai-work-for-hbcus-hsis-and-broad-access-institutions
2024,https://events.educause.edu/annual-conference/2024/agenda/ethical-ai-integration-in-higher-education-case-study-from-the-architecture-major
2024,https://events.educause.edu/annual-conference/2024/agenda/exploring-the-potential-of-ai-in-enhancing-accessibility
2024,https://events.educause.edu/annual-conference/2024/agenda/featured-session-5
2024,https://events.educause.edu/annual-conference/2024/agenda/federal-update-from-the-us-department-of-education-office-of-educational-technology
2024,https://events.educause.edu/annual-conference/2024/agenda/forward-thinking-backward-design-leveraging-ai-in-crafting-courses
2024,https://events.educause.edu/annual-conference/2024/agenda/from-chaos-to-clarity-building-a-secure-scalable-data-platform-for-ut-austin
2024,https://events.educause.edu/annual-conference/2024/agenda/from-planning-to-practice-essentials-considerations-for-using-generative-ai-in-coil
2024,https://events.educause.edu/annual-conference/2024/agenda/fueling-transformation-the-evolution-of-talent-acquisition--shaping-the-future-of-work
2024,https://events.educause.edu/annual-conference/2024/agenda/future-trends-in-higher-education-exponential-it-change
2024,https://events.educause.edu/annual-conference/2024/agenda/future-u-live-at-educause-developing-a-tech-mindset-at-the-leadership-table
2024,https://events.educause.edu/annual-conference/2024/agenda/gamechanging-education-transforming-learning-experiences-with-gamification-and-generative-ai
2024,https://events.educause.edu/annual-conference/2024/agenda/gartners-vision-for-student-life-the-metaverse-and-what-ai-will-bring
2024,https://events.educause.edu/annual-conference/2024/agenda/generative-ai-for-all-an-open-source-genai-platform-for-your-campus-community
2024,https://events.educause.edu/annual-conference/2024/agenda/generative-ai-our-approach-at-the-university-of-michigan
2024,https://events.educause.edu/annual-conference/2024/agenda/generative-aibased-teaching-assistants-create-classroom-momentum-for-instructors-and-students-1
2024,https://events.educause.edu/annual-conference/2024/agenda/got-a-minute-the-popup-protocol-pup--a-novel-video-methodology-for-survey-design
2024,https://events.educause.edu/annual-conference/2024/agenda/handson-ai-proven-applications-for-immediate-impact-separate-registration-is-required
2024,https://events.educause.edu/annual-conference/2024/agenda/harnessing-the-inevitable-effective-assessments-for-an-aidriven-age
2024,https://events.educause.edu/annual-conference/2024/agenda/how-can-generative-ai-enhance-the-higher-education-experience
2024,https://events.educause.edu/annual-conference/2024/agenda/how-it-leaders-can-accelerate-change-and-improve-campus-outcomes
2024,https://events.educause.edu/annual-conference/2024/agenda/implementation-readiness-is-about-ai-also-its-not-about-ai
2024,https://events.educause.edu/annual-conference/2024/agenda/innovation-reimagined-the-convergence-of-creativity-technology-and-learning-at-the-new-school-1
2024,https://events.educause.edu/annual-conference/2024/agenda/is-ai-write-or-wrong-student-perspectives-on-using-ai-to-complete-writing-assignments
2024,https://events.educause.edu/annual-conference/2024/agenda/keeping-things-real-leading--diverse-resilient-and-successful-teams-in-a-new-age-of-work
2024,https://events.educause.edu/annual-conference/2024/agenda/leading-through-change-and-uncertainty
2024,https://events.educause.edu/annual-conference/2024/agenda/leveling-the-playing-field-the-role-of-generative-ai-in-promoting-equitable-education
2024,https://events.educause.edu/annual-conference/2024/agenda/leverage-ai-to-autogenerate-xr-lesson-plans-on-the-fly-1
2024,https://events.educause.edu/annual-conference/2024/agenda/look-what-ai-made-us-do-innovating-and-evolving-education
2024,https://events.educause.edu/annual-conference/2024/agenda/lunch-and-learn--connecting-ai-to-skills-for-lifelong-learning
2024,https://events.educause.edu/annual-conference/2024/agenda/lunch-and-learn--make-datainformed-decisions-at-scale-with-aienabled-analytics
2024,https://events.educause.edu/annual-conference/2024/agenda/lunch-and-learn--navigating-ai-in-education-with-cios-and-tech-leaders
2024,https://events.educause.edu/annual-conference/2024/agenda/lunch-and-learn--proof-of-process-the-future-of-ai-writing-in-education
2024,https://events.educause.edu/annual-conference/2024/agenda/lunch-and-learn--the-ai-advantage-leveraging-language-models-for-competitive-edge-in-higher-educatio
2024,https://events.educause.edu/annual-conference/2024/agenda/lunch-and-learn--unlocking-the-potential-of-ai-in-ucaas-for-everyone-on-campus
2024,https://events.educause.edu/annual-conference/2024/agenda/make-crm--ai--data-your-trusted-formula-in-higher-education
2024,https://events.educause.edu/annual-conference/2024/agenda/moving-genai-from-curiosity-to-core
2024,https://events.educause.edu/annual-conference/2024/agenda/navigating-accessibility-through-aiopportunities-and-challenges-with-the-outcome-thinking-framework
2024,https://events.educause.edu/annual-conference/2024/agenda/navigating-digital-transformation-approaches-to-assessing-digital-maturity-in-higher-education
2024,https://events.educause.edu/annual-conference/2024/agenda/navigating-genai-in-higher-education-the-power-of-possible
2024,https://events.educause.edu/annual-conference/2024/agenda/navigating-the-adoption-of-artificial-intelligence-in-higher-education
2024,https://events.educause.edu/annual-conference/2024/agenda/no-more-shiny-tech-toys-an-interactive-workshop-to-reimagine-institutional-processes-with-ai
2024,https://events.educause.edu/annual-conference/2024/agenda/now-is-the-time-successful-strategies-to-maximize-the-impact-of-your-teaching-and-learning-data
2024,https://events.educause.edu/annual-conference/2024/agenda/open-source-in-higher-education-a-community-report
2024,https://events.educause.edu/annual-conference/2024/agenda/overcoming-the-ai-stalemate-in-higher-ed-empowering-campus-adoption-through-tailored-solutions
2024,https://events.educause.edu/annual-conference/2024/agenda/personalized-ai-tutoring-as-a-social-activity-paradox-or-possibility
2024,https://events.educause.edu/annual-conference/2024/agenda/personalizing-the-student-experience-how-ai-can-make-a-difference-1
2024,https://events.educause.edu/annual-conference/2024/agenda/plotting-the-course-developing-a-dynamic-genai-strategy
2024,https://events.educause.edu/annual-conference/2024/agenda/positioning-it-to-lead-strategic-change-in-the-age-of-ai-separate-registration-is-required
2024,https://events.educause.edu/annual-conference/2024/agenda/practical-guide-to-leverage-ai-literacy-as-a-catalyst-to-foster-engagement--creativity-in-teaching
2024,https://events.educause.edu/annual-conference/2024/agenda/redesigning-assessments-in-the-age-of-generative-ai-separate-registration-is-required
2024,https://events.educause.edu/annual-conference/2024/agenda/research-university-strategies-for-implementing-generative-ai-systems
2024,https://events.educause.edu/annual-conference/2024/agenda/revolutionizing-data-how-generative-ai-is-transforming-our-approach-to-information
2024,https://events.educause.edu/annual-conference/2024/agenda/scaling-innovation-design-a-generative-ai-expo-for-your-campus-separate-registration-is-required
2024,https://events.educause.edu/annual-conference/2024/agenda/shaping-ai-strategy-for-faculty-development-through-instructional-design
2024,https://events.educause.edu/annual-conference/2024/agenda/smarter-students-smarter-teaching-the-ai-advantage-in-teaching-writing-and-humanities
2024,https://events.educause.edu/annual-conference/2024/agenda/spotlight-sessions-on-emerging-accessibility-tech--enterprise-central-theater
2024,https://events.educause.edu/annual-conference/2024/agenda/spotlight-sessions-on-emerging-faculty-tech--teaching-and-learning-central-theater
2024,https://events.educause.edu/annual-conference/2024/agenda/spotlight-sessions-on-enterprise-tech--enterprise-central-theater
2024,https://events.educause.edu/annual-conference/2024/agenda/streamline-and-shine-revolutionizing-admissions-through-digital-transformation-1
2024,https://events.educause.edu/annual-conference/2024/agenda/technology-shuffle-a-card-game-to-cultivate-student-connection-through-play-and-empathy
2024,https://events.educause.edu/annual-conference/2024/agenda/the-cloud-and-security-transformation-journey-at-the-california-state-university-csu-system
2024,https://events.educause.edu/annual-conference/2024/agenda/the-creative-edge-championing-career-success-for-college-students-in-the-age-of-ai
2024,https://events.educause.edu/annual-conference/2024/agenda/the-dynamic-state-of-ai-in-research-data-centers
2024,https://events.educause.edu/annual-conference/2024/agenda/the-future-of-it-leadership-ai-as-chief-information-officer
2024,https://events.educause.edu/annual-conference/2024/agenda/the-power-of-partnerships-to-advance-genai-integration-in-higher-education
2024,https://events.educause.edu/annual-conference/2024/agenda/the-skills-needed-to-thrive-in-the-future-of-work
2024,https://events.educause.edu/annual-conference/2024/agenda/to-talk-ai-or-to-not-talk-ai-thats-your-question
2024,https://events.educause.edu/annual-conference/2024/agenda/transforming-higher-ed-lessons-from-university-of-toronto-and-michigan-state-university
2024,https://events.educause.edu/annual-conference/2024/agenda/unlocking-efficiency-the-power-of-automation-and-simplification-1
2024,https://events.educause.edu/annual-conference/2024/agenda/unlocking-inclusion-harnessing-ai-for-accessibility
2024,https://events.educause.edu/annual-conference/2024/agenda/using-ai-in-security-operations-oregon-state-universitys-experience-with-ms-security-copilot
2024,https://events.educause.edu/annual-conference/2024/agenda/virtual-international-education-for-a-new-society-with-ai
2024,https://events.educause.edu/annual-conference/2024/agenda/what-can-students-teach-us-about-ai-in-higher-education-lessons-from-a-longitudinal-survey-1
2024,https://events.educause.edu/annual-conference/2024/agenda/zero-trust--ai-to-address-top-cyber-challenges-in-higher-education
